,titulo,link,fecha,mes
0,Estadísticas sobre cáncer de mama 2014 - INFOCáncer,https://www.infocancer.org.mx/?c=cancer-cifras&a=estadisticas-cancer-mama-2014,5 feb. 2019 —,febrero
1,Clasificación por etapas - Cáncer de Mama - INFOCáncer,https://www.infocancer.org.mx/?t=clasificacion-etapas-mama,5 feb. 2019 —,febrero
2,Cáncer de Mama - INFOCáncer,https://www.infocancer.org.mx/?t=cancer-de-mama,5 feb. 2019 —,febrero
3,Signos y síntomas - Cáncer de Mama - INFOCáncer,https://www.infocancer.org.mx/?t=signos-sintomas-mama,5 feb. 2019 —,febrero
4,Mes de sensibilización sobre el Cáncer de Mama ...,https://www.gob.mx/profeco/articulos/mes-de-sensibilizacion-sobre-el-cancer-de-mama-223009,1 oct. 2019 —,octubre
5,Hablemos sobre el cáncer de mama | Instituto de Seguridad y ...,https://www.gob.mx/issste/articulos/hablemos-sobre-el-cancer-de-mama,24 oct. 2019 —,octubre
6,Cáncer de mama| detección temprana| prevención y síntomas ...,https://hospitalcmq.com/es/enfermedades-y-condiciones/cancer-de-mama/,23 sep. 2019 ,septiembre
7,¿Cómo se detecta el cáncer de mama? | - Hospital Galenia,https://hospitalgalenia.com/como-se-detecta-el-cancer-de-mama/,25 abr. 2019 —,abril
8,Lazo rosa| sensibilización sobre el Cáncer de Mama - Grupo ...,https://grupoctscanner.com/lazo-rosa-sensibilizacion-sobre-el-cancer-de-mama/,1 oct. 2019 —,octubre
9,Preocupa cáncer de mama en mujeres jóvenes | Hospital ...,http://www.medicina.uanl.mx/hu/2019/10/21/preocupa-cancer-de-mama-en-mujeres-jovenes/,21 oct. 2019 —,octubre
10,Cáncer de mama: todo lo que debes saber - El Universal,https://interactivo.eluniversal.com.mx/2019/cancer-de-mama/,17 oct. 2019 —,octubre
11,Cáncer de mama: sólo cuatro de cada 10 mujeres se ...,https://www.eleconomista.com.mx/arteseideas/Cancer-de-mama-solo-cuatro-de-cada-10-mujeres-se-autoexploran-20191102-0020.html,2 nov. 2019 —,noviembre
12,Cáncer de mama y embarazo - INFOCáncer,https://www.infocancer.org.mx/?c=fertilidad-y-embarazo&a=cancer-mama-embrazo,5 feb. 2019 —,febrero
13,Fallecen 12 mujeres al día por cáncer de mama en México ...,https://www.gaceta.unam.mx/fallecen-12-mujeres-al-dia-por-cancer-de-mama-en-mexico/,17 oct. 2019 —,octubre
14,El Seguro Popular cubre tratamiento completo contra cáncer ...,https://www.gob.mx/salud%7Cseguropopular/articulos/el-seguro-popular-cubre-tratamiento-completo-contra-cancer-de-mama,28 oct. 2019 —,octubre
15,19 de octubre| Día Internacional de lucha contra el cáncer de ...,https://www.gob.mx/inmujeres/es/articulos/19-de-octubre-dia-internacional-de-lucha-contra-el-cancer-de-mama?idiom=es,19 oct. 2019 —,octubre
16,Cáncer de mama: un reto global en salud para las mujeres ...,https://tec.mx/es/noticias/monterrey/salud/cancer-de-mama-un-reto-global-en-salud-para-las-mujeres,15 oct. 2019 —,octubre
17,Autoexploración ayuda a detectar el cáncer de mama a ...,http://www.chihuahua.gob.mx/contenidos/autoexploracion-ayuda-detectar-el-cancer-de-mama-tiempo,10 nov. 2019 —,noviembre
18,Mujeres jóvenes y cáncer de mama - Grupo CT Scanner,https://grupoctscanner.com/mujeres-jovenes-y-cancer-de-mama/,20 oct. 2019 —,octubre
19,Voluntariado IMSS elabora prótesis artesanales para mujeres ...,http://www.imss.gob.mx/prensa/archivo/201910/398,2 oct. 2019 —,octubre
20,El cáncer de mama también afecta a las más jóvenes ...,https://tec.mx/es/noticias/monterrey/salud/el-cancer-de-mama-tambien-afecta-las-mas-jovenes,18 oct. 2019 —,octubre
21,Cáncer de mama| primera causa de muerte en mujeres ...,https://www.elfinanciero.com.mx/nacional/cancer-de-mama-primera-causa-de-muerte-en-mujeres-mayores-de-25-anos,7 nov. 2019 —,noviembre
22,Detección oportuna| clave de 'Lucha contra el Cáncer de ...,https://tabasco.gob.mx/noticias/deteccion-oportuna-clave-de-lucha-contra-el-cancer-de-mama,20 oct. 2019 —,octubre
23,Tratamiento: Cirugía - Cáncer de Mama - INFOCáncer,https://www.infocancer.org.mx/?t=tratamiento-cirugia-mama,5 feb. 2019 —,febrero
24,¡Aprenda todo acerca del cáncer de mama! - Doctoranytime,https://www.doctoranytime.mx/p/cancer-de-mama,31 oct. 2019 —,octubre
25,Octubre| mes de sensibilización sobre el Cáncer de Mama ...,https://www.gob.mx/imss/articulos/octubre-mes-de-sensibilizacion-sobre-el-cancer-de-mama?idiom=es,2 oct. 2019 —,octubre
26,Tener conciencia del cáncer de mama - Grupo CT Scanner,https://grupoctscanner.com/tener-conciencia-del-cancer-de-mama/,19 oct. 2019 —,octubre
27,Síntomas y signos del cáncer de mama | H. XIII Ayuntamiento ...,https://www.loscabos.gob.mx/sintomas-y-signos-del-cancer-de-mama/,19 oct. 2019 —,octubre
28,¿Cuánto cuesta atender el cáncer de mama en México?,https://www.forbes.com.mx/cuanto-cuesta-atender-el-cancer-de-mama/,17 oct. 2019 —,octubre
29,Octubre| mes mundial de sensibilización sobre el cáncer de ...,https://codigof.mx/octubre-mes-mundial-de-sensibilizacion-sobre-el-cancer-de-mama/,4 oct. 2019 —,octubre
30,¿Cómo lo apoyo? Consejos para ayudar a un paciente con ...,https://tec.mx/es/noticias/sinaloa/salud/como-lo-apoyo-consejos-para-ayudar-un-paciente-con-cancer-de-mama,23 oct. 2019 —,octubre
31,Contra el cáncer de mama| voluntad y tecnología - IDET,https://www.idet.org.mx/consumidores/contra-el-cancer-de-mama-voluntad-y-tecnologia/,17 oct. 2019 —,octubre
32,Detección y tratamiento oportuno del Cáncer de Mama| hacen ...,http://www.imss.gob.mx/prensa/archivo/201910/440,19 oct. 2019 —,octubre
33,Fomenta DIF Municipal prevención del cáncer de mama ...,https://ayuntamiento.xalapa.gob.mx/web/coordinacion-de-comunicacion-social/comunicados/-/asset_publisher/roRD6p9QZQ9K/blog/fomenta-dif-municipal-prevencion-del-cancer-de-mama/20143,16 oct. 2019 —,octubre
34,¿Qué es el cáncer de mama? - Hospital Florencia,https://hospitalflorencia.mx/que-es-el-cancer-de-mama/,10 abr. 2019 —,abril
35,CIRUGÍA EN ESTADIO IV CÁNCER DE MAMA - Redalyc,https://www.redalyc.org/jatsRepo/3756/375659062013/html/index.html,22 jun. 2019 —,junio
36,Tratamiento: Quimioterapia - Cáncer de Mama - INFOCáncer,https://www.infocancer.org.mx/?t=tratamiento-quimioterapia-mama,5 feb. 2019 —,febrero
37,Instituto Municipal de las Mujeres - León contra el cáncer de ...,https://www.leon.gob.mx/mujeres/index.php/sala-de-informacion/boletines/219-cancer-mama,16 oct. 2019 —,octubre
38,Mitos sobre el cáncer de mama - Blog UVM,https://blog.uvm.mx/mitos-sobre-el-cancer-de-mama,18 oct. 2019 —,octubre
39,Municipio realiza Foro por la lucha contra el cáncer de mama ...,https://www.municipiodequeretaro.gob.mx/municipio-realiza-foro-por-la-lucha-contra-el-cancer-de-mama/,19 oct. 2019 —,octubre
40,Luchemos juntos contra el cáncer de mama | - Hospital Galenia,https://hospitalgalenia.com/luchemos-juntos-contra-el-cancer-de-mama/,2 oct. 2019 —,octubre
41,Cáncer de mama| problema médico| de salud| económico ...,https://www.dgcs.unam.mx/boletin/bdboletin/2019_089.html,9 feb. 2019 —,febrero
42,En México| entre 10 y 12 mujeres mueren al día por cáncer de ...,https://www.dgcs.unam.mx/boletin/bdboletin/2019_735.html,18 oct. 2019 —,octubre
43,Estructura del órgano - Cáncer de Mama - INFOCáncer,https://www.infocancer.org.mx/?t=estructura-organo-mama,5 feb. 2019 —,febrero
44,Detección y diagnóstico - Cáncer de Mama - INFOCáncer,https://www.infocancer.org.mx/?t=deteccion-diagnostico-mama,5 feb. 2019 —,febrero
45,Detección oportuna - Cáncer de Mama - INFOCáncer,https://www.infocancer.org.mx/?t=deteccion-oportuna-mama,5 feb. 2019 —,febrero
46,Arte| mensaje de esperanza a mujeres con cáncer de mama ...,https://www.uv.mx/prensa/banner/arte-mensaje-de-esperanza-a-mujeres-con-cancer-de-mama/,1 nov. 2019 —,noviembre
47,Cáncer de mama| un cambio de paradigma ... - Medicina Digital,https://www.medicinadigital.com/index.php/ciencia/genetica/item/37274-cancer-de-mama-un-cambio-de-paradigma-ante-la-enfermedad,19 oct. 2019 —,octubre
48,Cáncer de mama| una lucha sin tregua - MILENIO,https://www.milenio.com/especiales/cancer-de-mama-una-lucha-sin-tregua,17 oct. 2019 —,octubre
49,Datos clave: Cáncer de mama - Manual MSD versión para ...,https://www.msdmanuals.com/es-mx/hogar/breve-informaci%C3%B3n-salud-femenina/trastornos-mamarios/c%C3%A1ncer-de-mama,15 oct. 2019 —,octubre
50,Prevención y Control del Cáncer de Mama,http://saludsinaloa.gob.mx/index.php/prevencion-y-control-del-cancer-de-mama/,2 mar. 2019 —,marzo
51,Cáncer de ... - Dermatología Cosmética| Médica y Quirúrgica,https://dcmq.com.mx/edici%C3%B3n-enero-marzo-2019-volumen-17-n%C3%BAmero-1/710-c%C3%A1ncer-de-mama-en-el-var%C3%B3n-a-prop%C3%B3sito-de-dos-casos.html,15 mar. 2019 —,marzo
52,Cáncer de mama - familydoctor.org,https://es.familydoctor.org/condicion/cancer-de-seno/,12 nov. 2019 —,noviembre
53,Cáncer de Mama - INFOCáncer,https://www.infocancer.org.mx/?csm=cancer-de-mama,14 jul. 2019 —,julio
54,Tú puedes prevenir el cáncer de mama| ¡Infórmate ...,https://www.gob.mx/salud/es/articulos/puedes-prevenir-el-cancer-de-mama-informate?idiom=es,19 oct. 2019 —,octubre
55,Detección oportuna del cáncer de mama | Gobierno del ...,https://www.nl.gob.mx/campanas/deteccion-oportuna-del-cancer-de-mama,9 oct. 2019 —,octubre
56,Prevención y control de cáncer en la mujer,https://www.slp.gob.mx/ssalud/Paginas/Programas%20Epidemiol%C3%B3gicos/Prevenci%C3%B3n-y-control-de-c%C3%A1ncer-en-la-mujer.aspx,24 sep. 2019 —,septiembre
57,Prevención y control de cáncer en la mujer,https://slp.gob.mx/SSALUD/Paginas/Programas%20Epidemiol%C3%B3gicos/Prevenci%C3%B3n-y-control-de-c%C3%A1ncer-en-la-mujer.aspx,24 sep. 2019 —,septiembre
58,INCERTIDUMBRE FRENTE A LA ... - Visor Redalyc,https://www.redalyc.org/jatsRepo/2390/239059788002/index.html,25 jul. 2019 —,julio
59,Octubre| mes de lucha contra el cáncer de mama ...,https://udg.mx/es/convocatorias/octubre-mes-de-lucha-contra-el-cancer-de-mama,8 oct. 2019 —,octubre
60,Cáncer de Mama,http://www.uv.mx/saisuv/files/2019/10/Dia-Mundial-Contra-el-Cancer-de-Mama-2019-1.pdf,13 oct. 2019 —,octubre
61,54.680 fotos e imágenes de Cáncer De Mama - Getty Images,https://www.gettyimages.com.mx/fotos/c%C3%A1ncer-de-mama,30 ago. 2019 —,agosto
62,Participa el SNTE en la lucha contra el cáncer de mama - SNTE,https://snte.org.mx/blog/participa-el-snte-en-la-lucha-contra-el-cancer-de-mama/,23 oct. 2019 —,octubre
63,Porfirio's se une a la batalla: juntos en la prevención del ...,https://porfirios.com.mx/blog/porfirios-cancer-de-mama/,16 oct. 2019 —,octubre
64,El libro del cáncer de mama - Sanborns,https://www.sanborns.com.mx/producto/57219/el-libro-del-cancer-de-mama/,13 feb. 2019 —,febrero
65,ALGORITMO DE ATENCIÓN CLÍNICA DE CÁNCER DE ...,https://www.actuamed.com.mx/node/755571,22 jul. 2019 —,julio
66,Sinaloa| entre las entidades con más mortalidad por cáncer ...,https://www.congresosinaloa.gob.mx/sinaloa-entre-las-10-entidades-con-mas-mortalidad-por-cancer-de-mama/,9 nov. 2019 —,noviembre
67,EL CANCER DE MAMA Y SU RELACION CON LOS ... - Redalyc,https://www.redalyc.org/jatsRepo/2390/239058067004/html/index.html,20 nov. 2019 —,noviembre
68,La startup Eva abre su primera clínica contra el cáncer de ...,https://www.forbes.com.mx/la-startup-eva-abre-su-primera-clinica-contra-el-cancer-de-mama/,20 mar. 2019 —,marzo
69,Pese a letalidad| cáncer de mama continúa detectándose ...,https://cimacnoticias.com.mx/2019/10/21/pese-a-letalidad-cancer-de-mama-continua-detectandose-tarde,21 oct. 2019 —,octubre
70,Lucha contra el cáncer de mama; detectarlo a tiempo está en ...,http://www.3ersector.mx/noticias-2018/85-opinion/6825-lucha-contra-el-cancer-de-mama-detectarlo-a-tiempo-esta-en-tus-manos.html,17 oct. 2019 —,octubre
71,Cáncer de mama. Tratamiento sistémico. | PYDESA,https://pydesa.com.mx/catalogo/cancer-de-mama-tratamiento-sistemico/,31 mar. 2019 —,marzo
72,Nueva Clínica de Mama del IMSS beneficiará a mujeres del ...,http://www.imss.gob.mx/prensa/archivo/201903/052,11 mar. 2019 —,marzo
73,Cáncer de mama | Hospital Atenas,https://hospitalatenas.com.mx/cancer-de-mama,18 oct. 2019 —,octubre
74,Rehabilitación física para pacientes tratadas por cáncer de ...,https://blog.therapycord.mx/cancer-de-mama-rehabilitacion-fisica/,11 oct. 2019 —,octubre
75,Preocupa cáncer de mama en mujeres jóvenes - Punto U ...,https://puntou.uanl.mx/expertos-uanl/preocupa-cancer-de-mama-en-mujeres-jovenes/,17 oct. 2019 —,octubre
76,Llama Secretaría de Salud a prevenir el cáncer de mama.,https://slp.gob.mx/ssalud/Paginas/Noticias/Llama--Secretar%C3%ADa-de-Salud--a-prevenir-el-c%C3%A1ncer-de-mama.aspx,4 jul. 2019 —,julio
77,Tratamiento: Radioterapia - Cáncer de Mama - INFOCáncer,https://www.infocancer.org.mx/?t=tratamiento-radioterapia-mama,5 feb. 2019 —,febrero
78,Factores de riesgo I - Cáncer de Mama - INFOCáncer,https://www.infocancer.org.mx/?t=factores-riesgo-l-mama,5 feb. 2019 —,febrero
79,Con diagnóstico oportuno es posible evitar que diariamente ...,https://www.gob.mx/issste/prensa/con-diagnostico-oportuno-es-posible-evitar-que-diariamente-mueran-17-mujeres-por-cancer-de-mama-en-mexico-el-issste-224590,21 oct. 2019 —,octubre
80,Zacatecas por debajo de la media nacional en muertes por ...,https://www.zacatecas.gob.mx/zacatecas-por-debajo-de-la-media-nacional-en-muertes-por-cancer-de-mama/,19 oct. 2019 —,octubre
81,Más de 5.6 millones de exploraciones anuales para prevenir ...,http://www.imss.gob.mx/prensa/archivo/201910/397,2 oct. 2019 —,octubre
82,Clínica de Mama | San Javier Hospital,https://sanjavier.com.mx/servicios/unidades-y-clinicas/clinica-de-mama/,10 abr. 2019 —,abril
83,Emplea IJC tecnología de punta contra cáncer de mama ...,https://ssj.jalisco.gob.mx/prensa/noticia/8379,8 mar. 2019 —,marzo
84,La nanomedicina como tratamiento para el cáncer de mama ...,https://www.mapfre.com.mx/seguros-mx/particulares/seguros-de-gastos-medicos/noticias/nanomedicina-tratamiento-cancer-de-mama.jsp,29 oct. 2019 —,octubre
85,Impulsa Congreso campaña para prevenir cáncer de mama ...,http://congresodurango.gob.mx/impulsa-congreso-campana-para-prevenir-cancer-de-mama/,1 oct. 2019 —,octubre
86,Implementa Secretaría de Salud acciones para prevenir el ...,http://www.veracruz.gob.mx/2019/10/19/implementa-secretaria-de-salud-acciones-para-prevenir-el-cancer-de-mama/,19 oct. 2019 —,octubre
87,Cáncer de Mama - besins healthcare méxico,https://www.besins-healthcare.com.mx/cancer-de-mama/,29 ago. 2019 —,agosto
88,Exposición a luz tenue durante la noche contribuye a que ...,https://salud.carlosslim.org/exposicion-a-luz-tenue-durante-la-noche-contribuye-a-que-cancer-de-mama-se-propague-hacia-los-huesos/,24 mar. 2019 —,marzo
89,54.723 fotos e imágenes de Cancer Mama - Getty Images,https://www.gettyimages.com.mx/fotos/cancer-mama,22 sep. 2019 —,septiembre
90,Noticias - Usan ultrasonido cuantitativo para mejorar el ...,https://www.fisica.unam.mx/es/noticias.php?id=1915,6 jun. 2019 —,junio
91,Especialistas del IMSS tratan cáncer de mama en embarazadas,http://www.imss.gob.mx/prensa/archivo/201910/438,18 oct. 2019 —,octubre
92,¿Qué es el grado de un tumor? - INFOCáncer,https://www.infocancer.org.mx/?c=que-es&a=que-es-el-grado-de-un-tumor,5 feb. 2019 —,febrero
93,Proyecta IMSS innovador método de tamizaje para cáncer ...,http://www.imss.gob.mx/prensa/archivo/201910/414,8 oct. 2019 —,octubre
94,CIRUGÍA EN ESTADIO IV CÁNCER DE MAMA - Redalyc,https://www.redalyc.org/jatsRepo/3756/375659062013/375659062013.pdf,22 jun. 2019 —,junio
95,Desarrollan método de diagnóstico de cáncer de mama con ...,https://centrosconacyt.mx/objeto/cancerseno/,29 mar. 2019 —,marzo
96,Vencí al Cáncer de Mama ¿Y ahora qué? - INFOCáncer,https://www.infocancer.org.mx/?t=venci-cancer-mama-ahora-que,5 feb. 2019 —,febrero
97,Factores de riesgo II - Cáncer de Mama - INFOCáncer,https://www.infocancer.org.mx/?t=factores-riesgo-ll-mama,5 feb. 2019 —,febrero
98,Inauguran IMSS y Gobierno estatal la Unidad de Detección de ...,https://www.jalisco.gob.mx/es/prensa/noticias/95967,19 oct. 2019 —,octubre
99,Más de 1700 beneficiados con magna jornada por el cáncer ...,http://cuautitlanizcalli.gob.mx/mas-de-1700-beneficiados-con-magna-jornada-por-el-cancer-de-mama/,19 oct. 2019 —,octubre
100,Inicia Hospital Civil de Guadalajara campaña de lucha contra ...,https://www.udg.mx/es/noticia/inicia-hospital-civil-de-guadalajara-campana-de-lucha-contra-el-cancer-de-mama,1 oct. 2019 —,octubre
101,Día mundial de la lucha contra el cáncer de mama | Junta ...,https://www.gob.mx/jfca/es/articulos/dia-mundial-de-la-lucha-contra-el-cancer-de-mama-230235?idiom=es,5 nov. 2019 —,noviembre
102,Mujeres jóvenes y de raza negra enfrentan riesgo elevado de ...,https://salud.carlosslim.org/mujeres-jovenes-y-de-raza-negra-enfrentan-riesgo-elevado-de-desarrollar-cancer-de-mama-triple-negativo/,8 jul. 2019 —,julio
103,Cruz Verde Guadalajara ofrece servicios gratuitos ...,https://guadalajara.gob.mx/comunicados/cruz-verde-guadalajara-ofrece-servicios-gratuitos-relacionados-deteccion-prevencion-del,20 oct. 2019 —,octubre
104,Nuevas alternativas para un tratamiento más preciso contra el ...,https://conexion.cinvestav.mx/Publicaciones/nuevas-alternativas-para-un-tratamiento-m225s-preciso-contra-el-c225ncer-de-mama,18 oct. 2019 —,octubre
105,TENDENCIA DE LA FRECUENCIA DE CÁNCER DE MAMA ...,https://www.redalyc.org/jatsRepo/3756/375657637012/html/index.html,9 feb. 2019 —,febrero
106,Reili| la tecnología que ayuda a combatir el cáncer de mama,https://expansion.mx/tecnologia/2019/10/19/reili-la-tecnologia-que-ayuda-a-combatir-el-cancer-de-mama,19 oct. 2019 —,octubre
107,Llama Secretaría de Salud a prevenir el cáncer de mamá y de ...,https://slp.gob.mx/ssalud/Paginas/Noticias/Llama-Secretar%C3%ADa-de-Salud--a-prevenir-el-c%C3%A1ncer-de-mam%C3%A1-y-de-cuello-uterino.aspx,26 may. 2019 —,mayo
108,cáncer de mama – Municipio de Durango,https://www.durangocapital.gob.mx/tag/cancer-de-mama/,21 oct. 2019 —,octubre
109,Unen esfuerzos Estado-Sociedad en la lucha contra el cáncer ...,https://www.tamaulipas.gob.mx/salud/2019/10/unen-esfuerzos-estado-sociedad-en-la-lucha-contra-el-cancer-de-mama/,18 oct. 2019 —,octubre
110,Desarrollan vacuna contra cáncer de mama y ovarios; llegaría ...,https://www.forbes.com.mx/desarrollan-vacuna-contra-cancer-que-llegaria-a-pacientes-en-menos-de-tres-anos/,15 oct. 2019 —,octubre
111,Cáncer de Mama - Hospital H+ Los Cabos,https://hmasloscabos.mx/blog-cancer-de-mama/,19 oct. 2019 —,octubre
112,cancer de mama - FAAPAUAEM,https://www.faapauaem.mx/docs/programas/cancer-mama.pdf,23 ene. 2019 —,enero
113,Luchemos día a día contra el Cáncer de Mama | San Pablo ...,https://www.farmaciasanpablo.com.mx/octubre-mes-contra-el-cancer-de-mama,1 oct. 2019 —,octubre
114,INAUGURA IMSS| EN COACALCO| UNIDAD DE DETECCIÓN ...,https://coacalco.gob.mx/inaugura-imss-en-coacalco-unidad-de-deteccion-y-diagnostico-del-cancer-de-mama/,4 mar. 2019 —,marzo
115,Tecnología 3D detecta cáncer de mama a tiempo - CIO México,https://cio.com.mx/tecnologia-3d-detecta-cancer-de-mama-a-tiempo/,1 nov. 2019 —,noviembre
116,El Sistema Municipal para el Desarrollo Integral de la Familia ...,https://ayuntamiento.xalapa.gob.mx/web/dif-xalapa/principal/-/blogs/empoderamiento-y-conocimiento-del-cuerpo-fundamental-para-tratamiento-oportuno-del-cancer-de-mama-en-mujeres-y-hombres/maximized,16 oct. 2019 —,octubre
117,54.678 fotos e imágenes de Cancer De Mama - Getty Images,https://www.gettyimages.com.mx/fotos/cancer-de-mama,25 dic. 2019 —,diciembre
118,1.963 Ilustraciones de Cáncer De Mama - Getty Images,https://www.gettyimages.com.mx/ilustraciones/c%C3%A1ncer-de-mama,17 ago. 2019 —,agosto
119,Juntos Contra el Cáncer Asociación contra el Cáncer de ...,https://juntoscontraelcancer.mx/organizaciones-de-apoyo-a-pacientes/organization/Asociaci%C3%B3n+contra+el+C%C3%A1ncer+de+Mama+Toc%C3%A1te/,25 jun. 2019 —,junio
120,Mujeres mayores de 40 años deben hacerse mastografía para ...,https://tabasco.gob.mx/noticias/mujeres-mayores-de-40-anos-deben-hacerse-mastografia-para-detectar-cancer-de-mama,17 oct. 2019 —,octubre
121,Arranca en Senado campaña 2019 para la detección ...,http://comunicacion.senado.gob.mx/index.php/informacion/boletines/46532-arranca-en-senado-campana-2019-para-la-deteccion-temprana-de-cancer-de-mama.html,22 oct. 2019 —,octubre
122,Desinformación afecta salud mental de pacientes con cáncer ...,https://www.cetys.mx/noticias/desinformacion-afecta-salud-mental-de-pacientes-con-cancer-de-mama/,18 oct. 2019 —,octubre
123,Consumir menos carne roja puede reducir riesgo de cáncer ...,https://salud.carlosslim.org/consumir-menos-carne-roja-puede-reducir-riesgo-de-cancer-de-mama/,8 ago. 2019 —,agosto
124,Autoexploración contra el cáncer de mama | Secretaría de ...,https://www.gob.mx/salud/videos/autoexploracion-contra-el-cancer-de-mama,19 oct. 2019 —,octubre
125,COM. 440 Detección y tratamiento oportuno del Cáncer de ...,https://www.gob.mx/imss/prensa/com-440-deteccion-y-tratamiento-oportuno-del-cancer-de-mama-hacen-la-diferencia-entre-la-vida-y-la-muerte-zoe-robledo,19 oct. 2019 —,octubre
126,Magna Jornada para Prevenir el Cáncer de Mama – Gobierno ...,http://cuautitlanizcalli.gob.mx/eventos/magna-jornada-para-prevenir-el-cancer-de-mama/,18 oct. 2019 —,octubre
127,Cáncer de mama: reconstrucción con ... - Medicina Digital,https://www.medicinadigital.com/index.php/ciencia/cirugia/item/36935-cancer-de-mama-reconstruccion-con-implantes,16 jul. 2019 —,julio
128,Poder de sanación: Mujeres que superaron el cáncer de ...,https://www.tudiscovery.com/discoveryhh/home-health-snapshot/video/poder-de-sanacion-mujeres-que-superaron-el-cancer-de-mama,25 oct. 2019 —,octubre
129,Diagnóstico positivo de cáncer de mama es motor de ...,https://tec.mx/es/noticias/aguascalientes/salud/diagnostico-positivo-de-cancer-de-mama-es-motor-de-empresaria,24 oct. 2019 —,octubre
130,22.386 fotos e imágenes de Concienciación Sobre El Cancer ...,https://www.gettyimages.com.mx/fotos/concienciaci%C3%B3n-sobre-el-cancer-de-mama,9 nov. 2019 —,noviembre
131,INCERTIDUMBRE FRENTE A LA ENFERMEDAD EN ...,https://www.redalyc.org/jatsRepo/2390/239059788002/html/index.html,25 jul. 2019 —,julio
132,Detección temprana del Cáncer de Mama hace la diferencia ...,https://www.oaxaca.gob.mx/salud/deteccion-temprana-del-cancer-de-mama-hace-la-diferencia/,18 oct. 2019 —,octubre
133,Día Internacional de la Lucha contra el Cáncer de Mama ...,https://www.derechoshumanosgto.org.mx/actividades/item/dia-internacional-de-la-lucha-contra-el-cancer-de-mama,7 feb. 2019 —,febrero
134,Día Internacional de la Lucha contra el Cáncer de Mama ...,https://www.gaceta.unam.mx/tag/dia-internacional-de-la-lucha-contra-el-cancer-de-mama/,17 oct. 2019 —,octubre
135,INVITA PRESIDENTA DEL SISTEMA ESTATAL DIF A ...,http://www.difbcs.gob.mx/2019/10/03/invita-presidenta-del-sistema-estatal-dif-a-prevenir-el-cancer-de-mama/,3 oct. 2019 —,octubre
136,Juntos contra el cáncer de mama #OASISROSA – OASIS ...,https://oasisfloral.mx/blogs/inspiracion/juntos-contra-el-cancer-de-mama-oasisrosa,21 nov. 2019 —,noviembre
137,Gobierno y sociedad a favor de disminuir el cáncer de mama,http://comunicacion.senado.gob.mx/index.php/informacion/boletines/46549-gobierno-y-sociedad-a-favor-de-disminuir-el-cancer-de-mama.html,22 oct. 2019 —,octubre
138,En este #OctubreRosa conoce dónde prevenir y tratar el ...,https://www.cancerdepancreas.mx/2019/11/11/en-este-octubrerosa-conoce-donde-prevenir-y-tratar-el-cancer-de-mama/,11 nov. 2019 —,noviembre
139,SSS refuerza acciones para sensibilizar la detección oportuna ...,https://sinaloa.gob.mx/noticias/sss-refuerza-acciones-para-sensibilizar-la-deteccion-oportuna-del-cancer-de-mama,2 oct. 2019 —,octubre
140,Invita Gobierno de Tamaulipas a conferencias sobre cáncer ...,https://www.tamaulipas.gob.mx/salud/2019/10/invita-gobierno-de-tamaulipas-a-conferencias-sobre-cancer-de-mama/,10 oct. 2019 —,octubre
141,Arranca campaña de prevención para combatir el cáncer de ...,http://www.silaodelavictoria.gob.mx/web/es/noticias/arranca-campana-de-prevencion-para-combatir-el-cancer-de-mama,14 oct. 2019 —,octubre
142,Nanopartículas de oro y estrógenos: combatiendo el cáncer ...,http://gaceta.facmed.unam.mx/index.php/2019/06/12/nanoparticulas-de-oro-y-estrogenos-combatiendo-el-cancer-de-mama/,12 jun. 2019 —,junio
143,Detección de cáncer de mama en Cuernavaca. Dra. González ...,https://www.ginecologoscuernavaca.com/deteccion-de-cancer-de-mama-en-cuernavaca.htm,25 dic. 2019 —,diciembre
144,Prevenir a tiempo el cáncer de mama - Milenio,https://www.milenio.com/ciencia-y-salud/prevenir-a-tiempo-el-cancer-de-mama,19 oct. 2019 —,octubre
145,Usan ultrasonido cuantitativo para mejorar el diagnóstico de ...,https://unamglobal.unam.mx/usan-ultrasonido-cuantitativo-para-mejorar-el-diagnostico-de-cancer-de-mama/,11 jun. 2019 —,junio
146,Día Mundial contra el cáncer de mama 2019: El deporte se ...,https://www.marca.com/claro-mx/otros-deportes/2019/10/19/5dab1c63268e3ea9048b45a4.html,19 oct. 2019 —,octubre
147,Juntos Contra el Cáncer Asociación Mexicana Contra el ...,https://juntoscontraelcancer.mx/organizaciones-de-apoyo-a-pacientes/organization/Asociaci%C3%B3n+Mexicana+Contra+el+C%C3%A1ncer+de+Mama/,21 feb. 2019 —,febrero
148,Ganar grasa – perder metástasis: convertir células invasoras ...,https://codigof.mx/ganar-grasa-perder-metastasis-convertir-celulas-invasoras-de-cancer-de-mama-en-adipocitos-inhibe-la-metastasis-del-cancer/,30 ene. 2019 —,enero
149,Mil 300 mujeres de zonas rurales podrán prevenir cáncer de ...,http://www.imss.gob.mx/prensa/archivo/201903/054,11 mar. 2019 —,marzo
150,El 10% del cáncer de mama es hereditario: especialista del ...,https://www.forbes.com.mx/el-10-del-cancer-de-mama-es-hereditario-especialista-del-imss/,17 feb. 2019 —,febrero
151,Investigadores de la BUAP buscan mejorar tasas de ...,https://boletin.buap.mx/node/1437,20 oct. 2019 —,octubre
152,Supervivencia se ha duplicado para pacientes con cáncer de ...,https://www.eleconomista.com.mx/arteseideas/Supervivencia-se-ha-duplicado-para-pacientes-con-cancer-de-mama-HER2-positivo-20191120-0026.html,20 nov. 2019 —,noviembre
153,Día Mundial de la lucha contra el cáncer de mama | Instituto ...,https://www.gob.mx/inin/es/articulos/dia-mundial-de-la-lucha-contra-el-cancer-de-mama-224394?idiom=es,19 oct. 2019 —,octubre
154,FERIA DE LA SALUD| PREVENCIÓN CÁNCER DE MAMA,https://zinacantepec.gob.mx/administracion2019/2019/11/12/feria-de-la-salud-prevencion-cancer-de-mama/,12 nov. 2019 —,noviembre
155,1.993 Ilustraciones de Cancer De Mama - Getty Images,https://www.gettyimages.com.mx/ilustraciones/cancer-de-mama,3 sep. 2019 —,septiembre
156,Octubre Rosa (en imágenes): por un mundo libre de cáncer ...,https://www.wisum.mx/blog/2019/10/22/octubre-rosa-imagenes-camama/,22 oct. 2019 —,octubre
157,Cirugía podría mejorar resultados en forma común de cáncer ...,https://salud.carlosslim.org/cirugia-podria-mejorar-resultados-en-forma-comun-de-cancer-de-mama-avanzado/,3 abr. 2019 —,abril
158,Psicooncología: un apoyo emocional para ... - Medicina Digital,https://www.medicinadigital.com/index.php/humanitas/salud-mental/item/37263-psicooncologia-un-apoyo-emocional-para-pacientes-con-cancer-de-mama,21 oct. 2019 —,octubre
159,Mes de la Prevención del Cáncer de Mama - Lexia Insights ...,https://lexia.cc/mes-de-la-prevencion-del-cancer-de-mama/?utm_source=LEXIA+Contactos&print=print,19 oct. 2019 —,octubre
160,Cáncer de mama - UAEH,https://www.uaeh.edu.mx/adminyserv/dir_generales/serv_estudiantiles/direccion_servuniversitario/carteles_promocion_salud/folleto-cancer-de-mama.pdf,11 dic. 2019 —,diciembre
161,Cáncer de mama: 15% de casos| por herencia genética ...,https://www.gaceta.unam.mx/cancer-de-mama-15-de-casos-por-herencia-genetica/,21 ene. 2019 —,enero
162,JORNADA DE CONCIENTIZACIÓN Y LUCHA CONTRA EL ...,http://www.teever.gob.mx/jornada-de-concientizacion-y-lucha-contra-el-cancer-de-mama-1.html,22 oct. 2019 —,octubre
163,Boletín Informativo Congreso Internacional de Patología ...,https://cdfdz.gob.mx/salud/boletin-informativo-congreso-internacional-de-patologia-mamaria/,26 feb. 2019 —,febrero
164,Mastografías 3D podrían convertirse en el estándar de oro ...,https://salud.carlosslim.org/mastografias-3d-podrian-convertirse-en-el-estandar-de-oro-para-detectar-el-cancer-de-mama/,25 jun. 2019 —,junio
165,1.778 Ilustraciones de Concienciación Sobre El Cáncer De ...,https://www.gettyimages.com.mx/ilustraciones/concienciaci%C3%B3n-sobre-el-c%C3%A1ncer-de-mama,18 ago. 2019 —,agosto
166,Unen esfuerzos en el Día Internacional del Cáncer de Mama ...,https://tec.mx/es/noticias/monterrey/salud/unen-esfuerzos-en-el-dia-internacional-del-cancer-de-mama,6 nov. 2019 —,noviembre
167,Octubre: mes de sensibilización sobre el cáncer de mama ...,https://www.probiomed.com.mx/es/2019/10/01/octubre-mes-de-sensibilizacion-sobre-el-cancer-de-mama/,1 oct. 2019 —,octubre
168,Conoce la pastilla que combate al cáncer de mama (y sin ...,https://www.forbes.com.mx/conoce-la-pastilla-que-combate-al-cancer-de-mama-y-sin-quimioterapia/,3 jul. 2019 —,julio
169,PUEAA - UNAM,http://pueaa.unam.mx/multimedia/19-de-octubre-dia-contra-el-cancer-de-mama,18 oct. 2019 —,octubre
170,Conmemoran lucha contra el cáncer de mama | Municipio de ...,https://www.coatzacoalcos.gob.mx/prensa/conmemoran-lucha-contra-el-cancer-de-mama/,21 oct. 2019 —,octubre
171,Coahuila| cuarto lugar en muertes por cáncer de mama - Milenio,https://www.milenio.com/salud/coahuila-cuarto-lugar-en-muertes-por-cancer-de-mama,19 oct. 2019 —,octubre
172,Día Internacional del Cáncer de Mama - Imagen Radio,https://www.imagenradio.com.mx/dia-internacional-del-cancer-de-mama-0,17 oct. 2019 —,octubre
173,Antes| durante y después de una cirugía de mama por cáncer,https://www.infocancer.org.mx/?i=infografia&a=cancermama-cuidados-recomendac,7 feb. 2019 —,febrero
174,Mujeres con cáncer de mama que tienen ciertas ...,https://salud.carlosslim.org/mujeres-con-cancer-de-mama-que-tienen-ciertas-caracteristicas-en-su-adn-y-toman-aspirina-pueden-vivir-mas-tiempo/,30 ago. 2019 —,agosto
175,Día Mundial de la Lucha contra el Cáncer de Mama - Glosario ...,https://campusgenero.inmujeres.gob.mx/glosario/efemerides/dia-mundial-de-la-lucha-contra-el-cancer-de-mama,6 nov. 2019 —,noviembre
176,Boletín informativo CCINSHAE| lunes 14 de octubre 2019 (Día ...,https://www.gob.mx/insalud/articulos/boletin-informativo-ccinshae-lunes-14-de-octubre-2019-dia-internacional-de-la-lucha-contra-el-cancer-de-mama?state=published,14 oct. 2019 —,octubre
177,3.705 fotos e imágenes de Cinta Contra El Cáncer De Mama ...,https://www.gettyimages.com.mx/fotos/cinta-contra-el-c%C3%A1ncer-de-mama,16 ago. 2019 —,agosto
178,Unen voces AGEO y grupo RETO a favor de la sensibilización ...,https://www.oaxaca.gob.mx/administracion/unen-voces-ageo-y-grupo-reto-a-favor-de-la-sensibilizacion-contra-cancer-de-mama/,26 ene. 2019 —,enero
179,Llaman a trabajar a sociedad y gobierno en lucha contra el ...,https://morena.senado.gob.mx/2019/10/17/llaman-a-trabajar-a-sociedad-y-gobierno-en-lucha-contra-el-cancer-de-mama/,17 oct. 2019 —,octubre
180,Invita ISSSTEP a III Jornada de Detección Oportuna de ...,https://puebla.gob.mx/index.php/noticias/item/302-invita-issstep-a-iii-jornada-de-deteccion-oportuna-de-cancer-de-mama,15 oct. 2019 —,octubre
181,Día Mundial contra el Cáncer de mama - SNTE - Seguridad,https://snte.org.mx/colegiado-seguridad-derechos/dia-mundial-contra-el-cancer-de-mama/,17 oct. 2019 —,octubre
182,Derechohabiente del IMSS sobrevive 20 años al cáncer de ...,http://www.imss.gob.mx/prensa/archivo/201912/569,24 dic. 2019 —,diciembre
183,Pacientes con cáncer de mama siguen llegando en etapas ...,https://www.eleconomista.com.mx/arteseideas/Pacientes-con-cancer-de-mama-siguen-llegando-en-etapas-tardias-20191024-0101.html,24 oct. 2019 —,octubre
184,La vida después de un diagnóstico de cáncer de mama,https://expansion.mx/vida-arte/2019/10/22/la-vida-despues-de-un-diagnostico-de-cancer-de-mama,22 oct. 2019 —,octubre
185,1.495 Ilustraciones de Cinta Contra El Cáncer De Mama ...,https://www.gettyimages.com.mx/ilustraciones/cinta-contra-el-c%C3%A1ncer-de-mama,20 sep. 2019 —,septiembre
186,Cómo detectar el Cáncer de mama - Hospital San Ángel Inn,https://www.hospitalsanangelinn.mx/post/c%C3%B3mo-detectar-el-c%C3%A1ncer-de-mama,4 oct. 2019 —,octubre
187,Diagnostican hasta 150 casos de cáncer de mama cada año,https://novedadesdetabasco.com.mx/2019/10/19/diagnostican-hasta-150-casos-de-cancer-de-mama-cada-ano/,19 oct. 2019 —,octubre
188,Cancer de Mama - Seguros Banorte,https://www.banorte.com/wps/portal/banorte/Home/aprende-mas-con-banorte/productos/cancer-de-mama-seguros-banorte,15 oct. 2019 —,octubre
189,Luchemos contra el cáncer de mama | Martha Debayle | W ...,https://wradio.com.mx/programa/2019/10/22/martha_debayle/1571761821_421805.html,22 oct. 2019 —,octubre
190,Para el año 2020 las muertes por cáncer de mama superarán ...,https://www.iberopuebla.mx/noticias_y_eventos/noticias/para-el-ano-2020-las-muertes-por-cancer-de-mama-superaran-al-cancer-de,18 oct. 2019 —,octubre
191,SSS REFUERZA ACCIONES PARA SENSIBILIZAR LA ...,https://saludsinaloa.gob.mx/index.php/2019/10/02/sss-refuerza-acciones-para-sensibilizar-la-deteccion-oportuna-del-cancer-de-mama-02-de-octubre-del-2019/,2 oct. 2019 —,octubre
192,Apoyo emocional| clave en mujeres con cáncer de mama,https://www.eluniversal.com.mx/opinion/el-apunte/apoyo-emocional-clave-en-mujeres-con-cancer-de-mama,4 oct. 2019 —,octubre
193,Cáncer de mama la inspira: crea gorros orgánicos para ...,https://tec.mx/es/noticias/zacatecas/emprendedores/cancer-de-mama-la-inspira-crea-gorros-organicos-para-pacientes,24 oct. 2019 —,octubre
194,Entre 10 y 15 por ciento de los casos de cáncer de mama se ...,https://www.dgcs.unam.mx/boletin/bdboletin/2019_001.html,1 ene. 2019 —,enero
195,Table: Estadios del cáncer de mama - Manual MSD versión ...,https://www.msdmanuals.com/es-mx/hogar/multimedia/table/v805604_es,4 nov. 2019 —,noviembre
196,Panel Cáncer de Mama | Poder Judicial del Estado de Nayarit,http://www.tsjnay.gob.mx/comunicacion-social/noticia/panel-cancer-de-mama/,17 oct. 2019 —,octubre
197,Invitan a la Carrera Rosa para prevenir el cáncer de mama ...,https://www.ahome.gob.mx/invitan-a-la-carrera-rosa-para-prevenir-el-cancer-de-mama/,2 oct. 2019 —,octubre
198,10 mitos y realidades que debes conocer sobre el cáncer de ...,https://www.harpersbazaar.mx/belleza/10-mitos-realidades-sobre-cancer-mama/,21 oct. 2019 —,octubre
199,Día mundial contra el cáncer de mama - Rastreator.mx®,https://www.rastreator.mx/noticias/dia-internacional-del-cancer-de-mama,17 oct. 2019 —,octubre
200,Dr. Jorge Gracia | Cirugía por cáncer de mama,https://cirujanosoncologos.com.mx/cirugia-oncologica/cancer-de-mama-merida,24 jun. 2019 —,junio
201,Cáncer de mama y calidad de vida | Tecnológico de Monterrey,https://tec.mx/es/noticias/monterrey/salud/cancer-de-mama-y-calidad-de-vida,25 oct. 2019 —,octubre
202,Apoya Gobierno Municipal en la lucha contra el cáncer de ...,http://www.municipiochihuahua.gob.mx/Prensa/Noticia/Apoya_Gobierno_Municipal_en_la_lucha_contra_el_c%C3%A1ncer%C2%A0de%C2%A0mama,10 oct. 2019 —,octubre
203,Se suma Voluntariado de TSJ a campaña de prevención del ...,https://tsj-tabasco.gob.mx/boletin/21046/Se-suma-Voluntariado-de-TSJ-a-campana-de-prevencion-del-cancer-de-mama/,19 oct. 2019 —,octubre
204,Prevención y detección del cáncer de mama - Universidad IEU,https://ieu.edu.mx/blog/tendencias/prevencion-y-deteccion-del-cancer-de-mama/,18 oct. 2019 —,octubre
205,Cáncer de mama - Guía de autoexploración | H. Ayuntamiento ...,https://transparencia.tlajomulco.gob.mx/noticias/cancer-de-mama-guia-de-autoexploracion,19 jul. 2019 —,julio
206,Pitaya| un vino para apoyar la lucha contra el cáncer de mama,https://www.elclaustro.edu.mx/claustronomia/index.php/mundo-foodie/item/387-pitaya-un-vino-para-apoyar-la-lucha-contra-el-cancer-de-mama,8 oct. 2019 —,octubre
207,Realizan en Tampico Súper Carrera contra el cáncer de mama,https://www.milenio.com/politica/comunidad/realizan-tampico-super-carrera-cancer-mama,24 nov. 2019 —,noviembre
208,Tratamiento: Terapia dirigida - Cáncer de Mama - INFOCáncer,https://www.infocancer.org.mx/?t=tratamiento-terapia-dirigida-mama,5 feb. 2019 —,febrero
209,Mutación genética predispone a mexicanas a desarrollar ...,https://www.forbes.com.mx/mutacion-genetica-predispone-a-mexicanas-a-desarrollar-cancer-de-mama/,10 oct. 2019 —,octubre
210,Preparan campaña de detección oportuna de cáncer de mama,https://yociudadano.com.mx/noticias/preparan-campana-de-deteccion-oportuna-de-cancer-de-mama/,30 ago. 2019 —,agosto
211,Positiva atención del Programa de Entrenamiento para ...,https://direcciondecomunicacion.unison.mx/positiva-atencion-del-programa-de-entrenamiento-para-sobrevivientes-de-cancer-de-mama/,11 sep. 2019 —,septiembre
212,sobre CÁNCER DE MAMA 2019 - ENEO UNAM,http://eneo.unam.mx/publicaciones/boletinelectronico/Boletin%20Rosa%202019.pdf,1 oct. 2019 —,octubre
213,Vinculan edad biológica con mayor riesgo de cáncer de mama,https://salud.carlosslim.org/vinculan-edad-biologica-con-mayor-riesgo-de-cancer-de-mama/,24 feb. 2019 —,febrero
214,Mastografía y autoexploración: aliadas contra el cáncer de ...,https://blog.planseguro.com.mx/mastografia-y-autoexploracion-aliadas-contra-el-cancer-de-mama,17 oct. 2019 —,octubre
215,Cáncer de mama – Náfate de la Cruz,https://www.nafatedelacruz.com.mx/cancer-de-mama/,17 may. 2019 —,mayo
216,ESTUDIA TERAPIA DIRIGIDA CONTRA CÁNCER DE MAMA ...,https://www.ciad.mx/notas/item/2197-estudia-terapia-dirigida-contra-cancer-de-mama-y-metastasis,27 sep. 2019 —,septiembre
217,Quimioterapia para pacientes con cáncer de mama,https://www.infocancer.org.mx/?i=infografia&a=quimioterapia-pacientes-cancer,7 feb. 2019 —,febrero
218,Subsecretaría de Desarrollo Educativo » Curso “Lucha contra ...,https://www.sev.gob.mx/desarrollo-educativo/blog/curso-lucha-contra-el-cancer-de-mama/,22 oct. 2019 —,octubre
219,Colaboración interdisciplinaria para combatir el cáncer de ...,https://conexion.cinvestav.mx/Publicaciones/colaboraci243n-interdisciplinaria-para-combatir-el-c225ncer-de-mama,19 oct. 2019 —,octubre
220,GOBIERNO DE COACALCO CONMEMORA EL DÍA MUNDIAL ...,https://coacalco.gob.mx/gobierno-de-coacalco-conmemora-el-dia-mundial-de-la-lucha-contra-el-cancer-de-mama/,19 oct. 2019 —,octubre
221,ENCUESTA CÁNCER DE MAMA – Programa de Salud Integral,https://www.uv.mx/veracruz/psi/noticias/576/,26 feb. 2019 —,febrero
222,¿CÓMO PREVENIR EL CÁNCER DE MAMA?,https://www.bigbanguniforms.com/es/blog/noticias/como-prevenir-el-cancer-de-mama,9 oct. 2019 —,octubre
223,Un nuevo mecanismo in vitro para restaurar apoptosis en ...,https://avanceyperspectiva.cinvestav.mx/un-nuevo-mecanismo-in-vitro-para-restaurar-apoptosis-en-cancer-de-mama-resistente-a-cisplatino/,22 mar. 2019 —,marzo
224,Consumir nueces ayuda a combatir el cáncer de mama |,https://www.alfa-editores.com.mx/consumir-nueces-ayuda-a-combatir-el-cancer-de-mama/,11 abr. 2019 —,abril
225,El cáncer de mama es la segunda causa de muerte en ...,https://www.saludiario.com/infografia-el-cancer-de-mama-y-su-impacto-en-america-latina/,19 oct. 2019 —,octubre
226,Necesario garantizar tratamiento contra cáncer de mama ...,https://www.milenio.com/ciencia-y-salud/necesario-garantizar-tratamiento-cancer-mama-felicia-marie-knaul,15 oct. 2019 —,octubre
227,Prevención del cáncer de mama – Prochihuahua,http://prochihuahua.mx/prevencion-del-cancer-de-mama/,4 oct. 2019 —,octubre
228,Cáncer de Mama – Precise DX,http://www.precisedx.com.mx/cancer-de-mama/,13 sep. 2019 —,septiembre
229,Hablemos del Mes Rosa | Tienda Philips,https://www.tienda.philips.com.mx/blogs/beauty/hablemos-del-mes-rosa,24 oct. 2019 —,octubre
230,Alumna de la UAA desarrolla ultrasonido para mejorar ...,https://innovacioneconomica.com/alumna-de-la-uaa-desarrolla-ultrasonido-para-mejorar-deteccion-del-cancer-de-mama/,18 abr. 2019 —,abril
231,El libro del cáncer de mama - Sanborns,https://www.sanborns.com.mx/producto/57219/el-libro-del-cancer-de-mama/#!,13 feb. 2019 —,febrero
232,Continúa Desarrollo Social impartiendo pláticas informativas ...,http://www.juarez.gob.mx/noticia/11653/continua-desarrollo-social-impartiendo-platicas-informativas-de-prevencion-y-deteccion-de-cancer-de-mama-,2 abr. 2019 —,abril
233,Octubre Mes de la Prevención del Cáncer de mama | Hospital ...,http://www.medicina.uanl.mx/hu/2019/10/03/octubre-mes-de-la-prevencion-del-cancer-de-mama/,3 oct. 2019 —,octubre
234,CBTis 166,https://www.cbtis166.edu.mx/noticias/ver/49,22 oct. 2019 —,octubre
235,Cáncer de mama: La detección oportuna es el reto de las ...,https://www.milenio.com/estados/cancer-mama-deteccion-oportuna-reto-asociaciones,15 oct. 2019 —,octubre
236,Neoleonesas cuentan con lugar especializado para la ...,http://www.3ersector.mx/noticias-2018/5990-mujeres-de-nl-cuentan-con-lugar-especializado-para-la-deteccion-temprana-de-cancer-de-mama.html,19 ago. 2019 —,agosto
237,Realizan campaña de sensibilización sobre cáncer de mama ...,http://gaceta.uabc.mx/notas/academia/realizan-campana-de-sensibilizacion-sobre-cancer-de-mama-en-san-quintin,4 nov. 2019 —,noviembre
238,¿Qué factores de riesgo influyen en la enfermedad ...,https://www.besins-healthcare.com.mx/salud-femenina/?p=4966,20 nov. 2019 —,noviembre
239,Tratamiento: Bifosfonatos - Cáncer de Mama - INFOCáncer,https://www.infocancer.org.mx/?t=tratamiento-bifosfonatos-mama,5 feb. 2019 —,febrero
240,Tómale la delantera al cáncer de seno – Alimentos Colpac,https://colpac.com.mx/tomale-la-delantera-al-cancer-de-seno/,2 sep. 2019 —,septiembre
241,La prevención comienza con tus manos| detecta el cáncer de ...,https://lavicenta.com.mx/la-prevencion-comienza-con-tus-manos-detecta-el-cancer-de-mama-a-tiempo/,15 oct. 2019 —,octubre
242,El Puerto de Liverpool,https://www.elpuertodeliverpool.mx/sala-prensa/eventos-institucionales/2019_10-Mes-Rosa/2019_10-Mes-Rosa.html,3 oct. 2019 —,octubre
243,Embarazo sube supervivencia en casos de cáncer de mama ...,https://tec.mx/es/noticias/monterrey/salud/embarazo-sube-supervivencia-en-casos-de-cancer-de-mama-revela-estudio,1 nov. 2019 —,noviembre
244,Participan Docentes en Colecta Contra el Cáncer de Mama ...,https://itsta.edu.mx/participan-docentes-en-colecta-contra-el-cancer-de-mama/,6 sep. 2019 —,septiembre
245,Portal Oficial del Gobierno del Estado de Guerrero,http://guerrero.gob.mx/2019/11/realiza-dif-guerrero-conferencia-sensibilizate-el-cancer-de-mama-se-puede-curar/,13 nov. 2019 —,noviembre
246,Cáncer de mama y exclusión laboral de mujeres - Animal ...,https://www.animalpolitico.com/blog-invitado/cancer-de-mama-y-exclusion-laboral-de-mujeres/,23 jul. 2019 —,julio
247,IMMUJERES lleva campaña de concientización de cáncer de ...,https://www.ahome.gob.mx/immujeres-lleva-campana-de-concientizacion-de-cancer-de-mama-en-escuelas-del-municipio-de-ahome/,3 oct. 2019 —,octubre
248,MES ROSA. ¿Por qué octubre es el mes de la lucha contra el ...,https://dnamag.mx/mes-rosa-por-que-octubre-es-el-mes-de-la-lucha-contra-el-cancer-de-mama/,4 oct. 2019 —,octubre
249,Cáncer de mama masculino - familydoctor.org,https://es.familydoctor.org/condicion/cancer-de-mama-en-hombres/,20 ago. 2019 —,agosto
250,Seguro Popular baja cobertura en cáncer de mama | El ...,https://www.informador.mx/Seguro-Popular-baja-cobertura-en-cancer-de-mama-l201910120001.html,12 oct. 2019 —,octubre
251,Juntos Contra el Cáncer Puebla - – Hospitales a Dónde Acudir,https://juntoscontraelcancer.mx/hospitales-a-donde-acudir/region/Puebla/,1 abr. 2019 —,abril
252,19 de octubre es día mundial contra el cáncer de mama | meddi,https://meddi.mx/blog/19-de-octubre-es-dia-mundial-contra-el-cancer-de-mama/,18 oct. 2019 —,octubre
253,Excorredor de la NFL dona 500 mamografías tras la muerte ...,https://www.forbes.com.mx/excorredor-de-la-nfl-dona-500-mamografias-tras-la-muerte-por-cancer-de-su-mama/,10 oct. 2019 —,octubre
254,Autoexploración mamaria - INFOCáncer,https://www.infocancer.org.mx/?c=deteccion-temprana&a=autoexploracion-mamaria,5 feb. 2019 —,febrero
255,Jornada PREVENET de cáncer de mama – Universo NET,https://universonet.com.mx/jornada-prevenet-de-cancer-de-mama/,15 jul. 2019 —,julio
256,Cáncer de mama; la micropigmentación devuelve autoestima ...,https://www.milenio.com/salud/cancer-mama-micropigmentacion-devuelve-autoestima-mujeres,19 oct. 2019 —,octubre
257,Una de cada tres mujeres en México puede sufrir ... - UPRESS,https://upress.mx/index.php/noticias/nota-del-dia/5285-una-de-cada-tres-mujeres-en-mexico-puede-sufrir-cancer-de-mama,16 oct. 2019 —,octubre
258,Avances en la prevención y control del cáncer | Secretaría de ...,https://www.gob.mx/salud/articulos/avances-en-la-prevencion-y-control-del-cancer?idiom=es,5 feb. 2019 —,febrero
259,CÁNCER DE MAMA: LA MASTECTOMÍA MENOS INVASIVA ...,https://percano.mx/blog-percano/cancer-de-mama-la-mastectomia-menos-invasiva-es-segura/,3 sep. 2019 —,septiembre
260,CáncerDeMama – Noticieros Televisa,https://noticieros.televisa.com/tema/cancer-mama-dia-internacional-19-octubre/,8 oct. 2019 —,octubre
261,Municipio realiza Foro por la lucha contra el cáncer de mama ...,https://municipiodequeretaro.gob.mx/2021/municipio-realiza-foro-por-la-lucha-contra-el-cancer-de-mama/,19 oct. 2019 —,octubre
262,cáncer de mama | Technicon,https://www.technicon.com.mx/noticias/salud-godin-todos-podemos-prevenir-el-cancer-de-mama/attachment/mama/,17 oct. 2019 —,octubre
263,Fallecen 284 mujeres por cáncer de mama - Noticias Locales ...,https://www.elsoldetijuana.com.mx/local/fallecen-284-mujeres-por-cancer-de-mama-4339515.html,19 oct. 2019 —,octubre
264,Un éxito la carrera contra el cáncer de mama de Radiorama ...,http://blog.uag.mx/Noticia/Carrera-contra-cancer-091019/2019,7 oct. 2019 —,octubre
265,La salud mental y el cáncer de mama - Noticias Locales ...,https://www.lavozdelafrontera.com.mx/local/la-salud-mental-y-el-cancer-de-mama-4336756.html,18 oct. 2019 —,octubre
266,Mueren 284 por cáncer de mama - Noticias Locales ...,https://www.lavozdelafrontera.com.mx/local/mueren-284-por-cancer-de-mama-4337740.html,19 oct. 2019 —,octubre
267,Prevención y Diagnóstico Oportuno del Cáncer de Mama en ...,https://www.uv.mx/vinculacion/sdi/prevencion-y-diagnostico-oportuno-del-cancer-de-mama-en-calcahualco/,4 dic. 2019 —,diciembre
268,Hasta 15% de casos de cáncer de mama son hereditarios,https://www.milenio.com/ciencia-y-salud/mas-ciencia-salud/hasta-15-de-casos-de-cancer-de-mama-son-hereditarios,2 ene. 2019 —,enero
269,Nutrición para pacientes con cáncer de mama - INFOCáncer,https://www.infocancer.org.mx/?i=infografia&a=nutricion-pacientes-cancer,7 feb. 2019 —,febrero
270,Desarrollan Pinkbolis: alimento funcional para mujeres con ...,https://www.alfa-editores.com.mx/desarrollan-pinkbolis-alimento-funcional-para-mujeres-con-cancer-de-mama/,24 oct. 2019 —,octubre
271,Menos fallecimientos por cáncer de mama en Sinaloa ...,https://www.elsoldesinaloa.com.mx/local/menos-fallecimientos-por-cancer-de-mama-en-sinaloa-4382121.html,29 oct. 2019 —,octubre
272,Con estrategias de prevención y promoción de la salud| IMSS ...,http://www.imss.gob.mx/prensa/archivo/201910/447,23 oct. 2019 —,octubre
273,En Quintana Roo juntos avanzamos en fomentar la cultura de ...,https://qroo.gob.mx/dif/en-quintana-roo-juntos-avanzamos-en-fomentar-la-cultura-de-la-prevencion-sobre-el-cancer-de,1 oct. 2019 —,octubre
274,“El cáncer de mama se ha incrementado considerablemente ...,https://www.ahome.gob.mx/el-cancer-de-mama-se-ha-incrementado-considerablemente-magaly-herrera/,17 oct. 2019 —,octubre
275,Deportistas que ganaron la lucha contra el cáncer de mama ...,https://sportia.com.mx/blogs/noticias/deportistas-que-ganaron-la-lucha-contra-el-cancer-de-mama,17 oct. 2019 —,octubre
276,Consolidan en San Luis Potosí el comité estatal de cáncer.,https://slp.gob.mx/ssalud/Paginas/Noticias/Consolidan-en-San-Luis-Potos%C3%AD--el-comit%C3%A9-estatal-de-c%C3%A1ncer.aspx,26 jul. 2019 —,julio
277,Opción de mastectomía menos invasiva es ... - Medicina Digital,https://www.medicinadigital.com/index.php/ciencia/cirugia/item/36784-opcion-de-mastectomia-menos-invasiva-es-segura-para-mas-pacientes-con-cancer-de-mama-mayo-clinic,7 jun. 2019 —,junio
278,SMDIF combate cáncer de mama en la capital,https://www.pueblacapital.gob.mx/noticias/comunicados-de-prensa/item/13389-smdif-combate-cancer-de-mama-en-la-capital,9 oct. 2019 —,octubre
279,Conmemoran con Feria de la Salud el Día Mundial Contra el ...,http://www.chihuahua.gob.mx/contenidos/conmemoran-con-feria-de-la-salud-el-dia-mundial-contra-el-cancer-de-mama-en-la-plaza-del,19 oct. 2019 —,octubre
280,Sobrevivientes al cáncer de mama recuperan su vida con un ...,https://www.milenio.com/estados/mas-estados/sobrevivientes-cancer-mama-recuperan-vida-tatuaje,12 oct. 2019 —,octubre
281,Pese a letalidad| cáncer de mama continúa descubriéndose ...,https://www.milenio.com/ciencia-y-salud/pese-letalidad-cancer-mama-continua-descubriendose,20 oct. 2019 —,octubre
282,5 alimentos que ayudan a prevenir el cáncer de mama,https://www.eluniversal.com.mx/menu/5-alimentos-que-ayudan-prevenir-el-cancer-de-mama,19 oct. 2019 —,octubre
283,Principal - Alcaldía Benito Juárez,https://alcaldiabenitojuarez.gob.mx/boletin.php?id=121,18 oct. 2019 —,octubre
284,Las mujeres deben conocer los riesgos de los implantes ...,https://www.nytimes.com/es/2019/10/25/espanol/estilos-de-vida/implante-seno-cancer-riesgo.html,25 oct. 2019 —,octubre
285,Componente en carne causa resistencia a fármacos en ...,https://bajopalabra.com.mx/componente-en-carne-causa-resistencia-a-farmacos-en-cancer-de-mama,8 may. 2019 —,mayo
286,Setas| podrían ayudar a prevenir del cáncer de mama - Bajo ...,https://bajopalabra.com.mx/setas-podrian-ayudar-a-prevenir-del-cancer-de-mama,4 mar. 2019 —,marzo
287,Científicos desarrollan nueva mamografía sin apretar tus ...,https://bajopalabra.com.mx/cientificos-desarrollan-nueva-mamografia-sin-apretar-tus-senos,11 feb. 2019 —,febrero
288,• ASOCIACION DE LA SALUD Y BIENESTAR SOCIAL • DE LA ...,http://www.asbis.org.mx/,5 jul. 2019 —,julio
289,Papanicolaou | Salud Digna,https://salud-digna.org/papanicolau/,8 abr. 2019 —,abril
290,Ultrasonido | Salud Digna,https://salud-digna.org/ultrasonido/,8 abr. 2019 —,abril
291,Resonancia magnética | Salud Digna,https://salud-digna.org/resonancia-magnetica/,8 abr. 2019 —,abril
292,Dr. Hernan Fabian Mireles Delgado Ginecologo en ...,https://undoctorparati.com/ginecologos-en-aguascalientes/dr-hernan-fabian-mireles-delgado/,7 nov. 2019 —,noviembre
293,Clinica Acapulco - Salud Digna,https://salud-digna.org/acapulco/,11 oct. 2019 —,octubre
294,Clinica Boca del rio - Salud Digna,https://salud-digna.org/veracruz-boca-del-rio/,28 nov. 2019 —,noviembre
295,Clinica Matamoros - Salud Digna,https://salud-digna.org/matamoros/,28 nov. 2019 —,noviembre
296,Tomografía | Salud Digna,https://salud-digna.org/tomografia/,8 abr. 2019 —,abril
297,Laboratorio | Salud Digna,https://salud-digna.org/laboratorio/,8 abr. 2019 —,abril
298,Clinica Monterrey La Fé - Salud Digna,https://salud-digna.org/monterrey-la-fe/,11 abr. 2019 —,abril
299,Participan mil 675 mujeres en Jornadas de Mastografías de la ...,http://calornoticias.mx/participan-mil-675-mujeres-en-jornadas-de-mastografias-de-la-ss,20 ago. 2019 —,agosto
300,Más del 70 por ciento de los servidores públicos sufren de ...,http://calornoticias.mx/mas-del-70-por-ciento-de-los-servidores-publicos-sufren-de-sobrepeso-el-issste,6 jun. 2019 —,junio
301,bienvenido a espartec,http://www.espartec.com.mx/,19 dic. 2019 —,diciembre
302,UAGro cumple con transparencia y entrega Cuenta Pública ...,https://bajopalabra.com.mx/uagro-cumple-con-transparencia-y-entrega-cuenta-publica-de-2018-a-ase,3 abr. 2019 —,abril
303,Clinica Deportistas - Salud Digna,https://salud-digna.org/chihuahua-deportistas/,11 nov. 2019 —,noviembre
304,Clinica Navolato - Salud Digna,https://salud-digna.org/navolato/,31 dic. 2019 —,diciembre
305,Ella nadó contra corriente para llegar a su nueva travesía ...,https://www.elfinanciero.com.mx/deportes/ella-nado-contra-corriente-y-llega-a-su-nueva-travesia-una-brazada-una-vision-a-la-vida,17 jun. 2019 —,junio
306,Lanzarán nave que podrá llevar astronautas a estación - Bajo ...,https://bajopalabra.com.mx/lanzaran-nave-que-podra-llevar-astronautas-a-estacion,3 mar. 2019 —,marzo
307,Notimex no cumple liquidación al 100%| acusan trabajadores ...,https://bajopalabra.com.mx/notimex-no-cumple-liquidacion-al-100-acusan-trabajadores-despedidos,14 jul. 2019 —,julio
308,Alcalde de Amozoc| Puebla| niega ser pastor de 'La Luz del ...,https://tehuacandigital.com.mx/2019/06/07/alcalde-de-amozoc-puebla-niega-ser-pastor-de-la-luz-del-mundo/,7 jun. 2019 —,junio
309,ONCARE,https://www.oncare.com.mx/,31 jul. 2019 —,julio
310,Dra. Myriam Lydiethe Tejeda Hernandez - Cirujano Plastico ...,https://undoctorparati.com/cirujano-plastico-en-leon-gto/dra-myriam-lydiethe-tejeda-hernandez/,15 ene. 2019 —,enero
311,DR. ERIC IVAN BARRAGÁN VELOZ,http://cirugiabariatricagdl.com.mx/,19 jun. 2019 —,junio
312,Así se vivió el concierto Dios Salve a la Reina | Vanguardia MX,https://vanguardia.com.mx/articulo/asi-se-vivio-el-concierto-dios-salve-la-reina,16 nov. 2019 —,noviembre
313,Mercado Pago | De ahora en adelante| haz más con tu dinero.,https://www.mercadopago.com.mx/,19 sep. 2019 —,septiembre
314,Noticias | Publimetro México,https://www.publimetro.com.mx/mx/noticias/,30 jul. 2019 —,julio
315,Será una complicada Cuesta de enero – Yucatán a la mano,https://www.yucatanalamano.com/sera-una-complicada-cuesta-de-enero/,4 ene. 2019 —,enero
